Name,Title,Company,Youtube URL
Donna Johnson,Chief Marketing Officer,Inseego,https://www.youtube.com/watch?v=mwlCTdYh0uM
Andreas Urschitz,CMO,Infineon,https://www.youtube.com/watch?v=QUgwtmPtN8A
Julia Chen,Vice President, AWS Partner Core,AWS,https://www.youtube.com/watch?v=VkMVaML9yBc
Robert Occhialini,Chief Technology Officer,World Surf League,https://www.youtube.com/watch?v=VkMVaML9yBc
Gabriel Romero,Chief Marketing Officer,AllCloud,https://www.youtube.com/watch?v=VkMVaML9yBc
Julie Neumann,Chief Marketing Officer,Honeycomb.io,https://www.youtube.com/watch?v=mIMHw1U2BPg
Julia White,Chief Marketing Officer,AWS,https://www.youtube.com/watch?v=cf5zcktAe4c
Dimitri Vlachos,Chief Marketing Officer,Spacelift,https://www.youtube.com/watch?v=frTd_wndh_U
Bhaskar Krishnamsetty,Chief Product Officer,Fabrix.ai,https://www.youtube.com/watch?v=3U67KyFvB5M
Rached Blili,Distinguished Engineer,Fabrix.ai,https://www.youtube.com/watch?v=3U67KyFvB5M
Shailesh Manjrekar,Chief Marketing & AI Officer,Fabrix.ai,https://www.youtube.com/watch?v=3U67KyFvB5M
Kevin Cochrane,Chief Marketing Officer,Vultr,https://www.youtube.com/watch?v=jVSpDBxDSmk
Jan Murry,Director of Internal Audit,GE Aerospace,https://www.youtube.com/watch?v=9N7AqZLq5ic
April Crichlow,Chief Marketing Officer,AuditBoard,https://www.youtube.com/watch?v=9N7AqZLq5ic
Michael Atalla,Chief Marketing Officer,UiPath,https://www.youtube.com/watch?v=OlIk0dv-kRk
Michael Nicosia,Co-Founder & COO,Salt Security,https://www.youtube.com/watch?v=g3LhSzFiz1c
Michael Callahan,Chief Marketing Officer,Salt Security,https://www.youtube.com/watch?v=g3LhSzFiz1c
Jonathan Sanchez,Sr. Marketing Manager, Tools & Systems,eBay,https://www.youtube.com/watch?v=kfPmU35LsYQ
Jennifer “JJ” Johnson,Chief Marketing Officer,CrowdStrike,https://www.youtube.com/watch?v=CY2-eDU4KGo
Amy Luca,Chief Marketing Officer,Tensor,https://www.youtube.com/watch?v=O_QD9k9UD78
Jyothi Swaroop,Chief Marketing Officer,DDN,https://www.youtube.com/watch?v=cUBrsLhaJ28
Mick Hollison,Founder & CEO,Redline Advisors,https://www.youtube.com/watch?v=uHlrQWbdP7A
Bernd Greifeneder,Chief Technology Officer & Founder,Dynatrace,https://www.youtube.com/watch?v=6bBI-WZYvTo
Laura Heisman,Chief Marketing Officer,Dynatrace,https://www.youtube.com/watch?v=6bBI-WZYvTo
Ariel Wengroff,Chief Marketing Officer,Ledger,https://www.youtube.com/watch?v=kJoFVfIjcbw
Alison Wagonfeld,Chief Marketing Officer,Google Cloud,https://www.youtube.com/watch?v=wpqfZCx5Dcg
Betty Junod,Chief Marketing Officer,Heroku (Salesforce),https://www.youtube.com/watch?v=zn9v0SeTAS8
Vinny Choinski,Founder & Principal Analyst,Triptych Info,https://www.youtube.com/watch?v=iCQQVfUQKwk
Mitch Seigle,Chief Marketing Officer,Spectra Logic,https://www.youtube.com/watch?v=iCQQVfUQKwk
Eric Herzog,Chief Marketing Officer,Infinidat,https://www.youtube.com/watch?v=yOyt1xUZuSI
Danielle Goode Coady,VP of Marketing,Index Engines,https://www.youtube.com/watch?v=yOyt1xUZuSI
Christophe Bertrand,Principal Analyst,theCUBE Research,https://www.youtube.com/watch?v=gnGkHUaNqL8
Jim McGann,Chief Marketing Officer,Index Engines,https://www.youtube.com/watch?v=pVI99Hl1-9k
Brian Householder,Senior Advisor,Index Engines,https://www.youtube.com/watch?v=pVI99Hl1-9k
Tim Freestone,Chief Marketing Officer,Kiteworks,https://www.youtube.com/watch?v=9HQ3F7uU_Wc
Adam Berlew,Chief Marketing Officer,Equinix,https://www.youtube.com/watch?v=ddoYgwVqZzs
Josh Harbert,SVP & CMO,Couchbase,https://www.youtube.com/watch?v=RxK4bplhGYw
Matt McDonough,SVP of Product,Couchbase,https://www.youtube.com/watch?v=RxK4bplhGYw
Steven Van Zanen,Chief Marketing Officer,BroadForward,https://www.youtube.com/watch?v=_lN5T2TEiWY
Shlomo Kramer,Co-Founder & CEO,Cato Networks,https://www.youtube.com/watch?v=3_Y-QFr_U7k
Sarbjeet Johal,Founder & CEO,Stackpane,https://www.youtube.com/watch?v=zF9IycsTdsA
Chandra Rangan,Chief Marketing Officer,Neo4j,https://www.youtube.com/watch?v=mqyji7RuLt8
Sanjay Kumar,VP of Products & Marketing,Arrcus,https://www.youtube.com/watch?v=8ZhmX5YFDOg
Rachel Thornton,Chief Marketing Officer,Adobe Enterprise,https://www.youtube.com/watch?v=W2hOMY8gmaE
Akanksha Mehrotra,Corporate VP, AI & Enterprise Marketing,AMD,https://www.youtube.com/watch?v=Qcr0kreCqcI
Isabelle Dumont,Chief Marketing Officer,DeNexus,https://www.youtube.com/watch?v=TCtoBjLG_hI
Surbhi Agarwal,Chief Marketing Officer,Applied Intuition,https://www.youtube.com/watch?v=9IW10uhF0r4
JB Baker,Chief Marketing Officer,ScaleFlux,https://www.youtube.com/watch?v=tnqL1xnYkQY
Mandy Dhaliwal,Chief Marketing Officer,Nutanix,https://www.youtube.com/watch?v=kaHLEWumVeI
Julie Choi,Chief Marketing Officer,Cerebras,https://www.youtube.com/watch?v=mx3BnpjFAjQ
Dinakar Munagala,(Title not stated),(Company not stated),https://www.youtube.com/watch?v=bQbV1drI4Sw
Janine Gianfredi,Chief Marketing Officer,Transcarent,https://www.youtube.com/watch?v=ETrXwx0hehs
Carolyn Crandall,Chief Marketing Officer,AirMDR,https://www.youtube.com/watch?v=6N47AJ4X_po
Martina Trucco,Chief Marketing Officer,At-Bay,https://www.youtube.com/watch?v=r8Rn_oNTUAs
Abhay Parasnis,Founder & CEO,Typeface,https://www.youtube.com/watch?v=U1jdmFW7-f4
Kazuki Ohta,(Title not stated),(Company not stated),https://www.youtube.com/watch?v=gvCBRdn2wWY
Arm Badani,(Title not stated),Arm,https://www.youtube.com/watch?v=NSLyy4zlD5w
Shelli Strand,(Title not stated),Early Growth Advisory,https://www.youtube.com/watch?v=nhH6QDu1Kvs
Rajan Sheth,Chief Marketing Officer,Together AI,https://www.youtube.com/watch?v=hQD76r0dnBE
Mark Heaps,VP of Brand & Chief Tech Evangelist,Groq,https://www.youtube.com/watch?v=6JFo7kjKhxc
Lisa Varela-Schutes,Public Sector Practice Leader & Sales Manager,Ingram Micro Cloud,https://www.youtube.com/watch?v=3wKAUO6LTOE
Nishita Henry,Principal & Global CCO, Amazon Practice,Deloitte,https://www.youtube.com/watch?v=3wKAUO6LTOE
Brooke Cunningham,Chief Marketing Officer,LogicMonitor,https://www.youtube.com/watch?v=vIcAdFeRykI
Yesenia Meneses,Country Manager, Mexico,Escala 24x7,https://www.youtube.com/watch?v=vIcAdFeRykI
Jen Jones,Chief Marketing Officer,commercetools,https://www.youtube.com/watch?v=Vv5sPtcP9Dw
Vidhya Srinivasan,Chief Marketing Officer,Prophix,https://www.youtube.com/watch?v=oRw33hnEh4I
Gabie Boko,Chief Marketing Officer,NetApp,https://www.youtube.com/watch?v=kIDWket1tpQ
Costa Kladianos,Head of Technology,San Francisco 49ers,https://www.youtube.com/watch?v=kIDWket1tpQ
Alison Biggan,Chief Marketing Officer,Boomi,https://www.youtube.com/watch?v=lMuKMGo_dDw
Jenn Chase,CMO & EVP,SAS Institute,https://www.youtube.com/watch?v=5VFpCQnAGg8
Peter Linder,Head of Thought Leadership – North America,Ericsson,https://www.youtube.com/watch?v=5VFpCQnAGg8
Jacqueline Woods,Chief Marketing Officer,Teradata,https://www.youtube.com/watch?v=GetD8AvBwoQ
Leon Mishkis,COO,NewtonX,https://www.youtube.com/watch?v=GetD8AvBwoQ
Paola Menegon,Head of Strategic Opportunities/Alliances,Aruba,https://www.youtube.com/watch?v=LIZMEVMLM0w
Andy Hurt,Chief Marketing Officer,Cobalt Iron,https://www.youtube.com/watch?v=5dZjNUGXWJ0
Scott Baker,CMO, VP IBM Storage,IBM,https://www.youtube.com/watch?v=Q0M71wpg9_U
Jennifer Johnson (JJ),Chief Marketing Officer,CrowdStrike,https://www.youtube.com/watch?v=smKbeTv-zoQ
Jon Toor,Chief Marketing Officer,Cloudian,https://www.youtube.com/watch?v=V5WnpOpa3ms
Bobby Patrick,Chief Marketing Officer,UiPath,https://www.youtube.com/watch?v=dUPuYKVOeWM
Craig Le Clair,VP, Principal Analyst,Forrester Research,https://www.youtube.com/watch?v=dUPuYKVOeWM
Thomas Cornely,SVP Product Management,Nutanix,https://www.youtube.com/watch?v=v_Pez3nFY08
Tarkan Maner,Chief Commercial Officer,Nutanix,https://www.youtube.com/watch?v=goRuYv7mcC0
Justin Boitano,VP Enterprise AI,Nvidia,https://www.youtube.com/watch?v=goRuYv7mcC0
Bob Parker,SVP Industry, Software & Services Research,IDC,https://www.youtube.com/watch?v=v_Pez3nFY08
Denise Persson,Chief Marketing Officer,Snowflake,https://www.youtube.com/watch?v=T5tC_x6VkkM
Mike Gannon,Chief Revenue Officer,Snowflake,https://www.youtube.com/watch?v=T5tC_x6VkkM
Chris Powell,Chief Marketing Officer,Qlik,https://www.youtube.com/watch?v=tWk07LzBMOI
Margaret Dawson,Chief Marketing Officer,Chronosphere,https://www.youtube.com/watch?v=HM9rlmkH47w
Bill Hineline,Field Chief Technology Officer,Chronosphere,https://www.youtube.com/watch?v=HM9rlmkH47w
Ted Marena,Director, Market Development GPU AI Data Center OEM/ODMs,AMD,https://www.youtube.com/watch?v=Yl7jJdT2XY0
Jean English,Chief Marketing Officer,Juniper Networks,https://www.youtube.com/watch?v=1AedCr4dTdA
Bryan Ward,Lead Network Engineer,Dartmouth College,https://www.youtube.com/watch?v=1AedCr4dTdA
Brett Hannath,Corporate Vice President & CMO,Intel,https://www.youtube.com/watch?v=sAPATcXqel0
Jim Jackson,Chief Marketing Officer,HPE,https://www.youtube.com/watch?v=Yr9hzrbnw1s
Jason Netwon,VP Global Marketing,HPE,https://www.youtube.com/watch?v=Yr9hzrbnw1s
Jeff Veis,CMO,Impetus Technologies,https://www.youtube.com/watch?v=-ZEkQAUaCgE
Anand Raman,CRO,Impetus Technologies,https://www.youtube.com/watch?v=-ZEkQAUaCgE
Ravi Kandikonda,Senior VP of Marketing,Zillow,https://www.youtube.com/watch?v=NHH2dtMVYjE
Denise Persson,CMO,Snowflake,https://www.youtube.com/watch?v=NHH2dtMVYjE
Jim Kruger,Chief Marketing Officer,Informatica,https://www.youtube.com/watch?v=cU2OgJtMGrs
Eric Herzog,CMO,Infinidat,https://www.youtube.com/watch?v=XQmWsP4pF5w
Gabie Boko,Chief Marketing Officer,NetApp,https://www.youtube.com/watch?v=T-8BHhOFW5M
Abby Strong,CMO,Cribl,https://www.youtube.com/watch?v=1ei82jxf1kw
Alison Biggan,CMO,Boomi,https://www.youtube.com/watch?v=78lxbm6VhYQ
Peder Ulander,CMO,MongoDB,https://www.youtube.com/watch?v=g8tEN9zNw-A
Mona Chadha,Director of Category Management,AWS,https://www.youtube.com/watch?v=g8tEN9zNw-A
Scott Baker,CMO & VP, IBM Infrastructure Portfolio Product Marketing,IBM,https://www.youtube.com/watch?v=l4obGIVgnV4
Ivo Koerner,CRO,IBM Storage,https://www.youtube.com/watch?v=l4obGIVgnV4
Jen Jones,CMO,commercetools,https://www.youtube.com/watch?v=uJHQg-2-S_s
Jenn Chase,Chief Marketing Officer,SAS Institute,https://www.youtube.com/watch?v=CWvfoqhE_AE
Eric Hanson,CMO,Mitel,https://www.youtube.com/watch?v=gyqBD2Sa_H4
Luiz Domingos,CTO,Mitel,https://www.youtube.com/watch?v=gyqBD2Sa_H4
Chandra Rangan,CMO,Neo4j,https://www.youtube.com/watch?v=fb-C_ZOANCs
Kevin Cochrane,CMO,Vultr,https://www.youtube.com/watch?v=w8vh-uiqqhU
Jacqueline Woods,Chief Marketing Officer,Teradata,https://www.youtube.com/watch?v=xpQPPGeMJLM
Vedat Akgun,VP, Data Science and AI,Teradata,https://www.youtube.com/watch?v=xpQPPGeMJLM
Jennifer Johnson,Chief Marketing Officer,CrowdStrike,https://www.youtube.com/watch?v=SEiZ4c_3Wwc
Ian Massingham,CMO,Aiven,https://www.youtube.com/watch?v=qXNwmrolfeA
Duleepa "Dups" Wijayawardhana,CTO,Supermetrics,https://www.youtube.com/watch?v=qXNwmrolfeA
David Nicholson,Field CTO,Infinidat,https://www.youtube.com/watch?v=TZ4IVk8v-oU
Pete Brey,Global Product Executive,IBM,https://www.youtube.com/watch?v=UzvUxAqSXVo
Brandon Mann,Product Management Leader for Storage Fusion,IBM,https://www.youtube.com/watch?v=UzvUxAqSXVo
Laura Heisman,Chief Marketing Officer,VMware,https://www.youtube.com/watch?v=O6EDUm5h1XQ
Geoff Stedman,Chief Marketing Officer,SDVI Corporation,https://www.youtube.com/watch?v=Ml2KS1JtbuY
Meagen Eisenberg,CMO,Lacework,https://www.youtube.com/watch?v=7W8HKsRQ5zo
Rachel Thorton,Chief Marketing Officer,MessageBird,https://www.youtube.com/watch?v=5iuoFJsA-7M
Andrea Euenheim,Chief People Officer,MessageBird,https://www.youtube.com/watch?v=5iuoFJsA-7M
Asha Thurthi,Chief Product Officer,MessageBird,https://www.youtube.com/watch?v=5iuoFJsA-7M
Zeynep Ozdemir,CMO,Palo Alto Networks,https://www.youtube.com/watch?v=RC-yBQH7tOA
Thomas Been,Chief Marketing Officer,DataStax,https://www.youtube.com/watch?v=nqG0Xfs8uA8
John Kreisa,CMO,Couchbase,https://www.youtube.com/watch?v=yJpCravqCJk
Tommy McClung,Co-Founder & CEO,Releasehub,https://www.youtube.com/watch?v=CQEM0li5rmQ
Matt Carter,CMO,Releasehub,https://www.youtube.com/watch?v=CQEM0li5rmQ
Ashley Kramer,Chief Marketing Officer & Chief Product Officer,Sisense,https://www.youtube.com/watch?v=I0ooZnypHVQ
Ed Macosky,Head of Product,Boomi,https://www.youtube.com/watch?v=3-J9Jo7uZbI
Mandy Dhaliwal,CMO,Boomi,https://www.youtube.com/watch?v=3-J9Jo7uZbI
Brian Mullen,Chief Marketing Officer,InfluxData,https://www.youtube.com/watch?v=3EtoGjpoFjc
Arwa Kaddoura,Chief Revenue Officer,InfluxData,https://www.youtube.com/watch?v=3EtoGjpoFjc
Chris Port,COO,Boomi,https://www.youtube.com/watch?v=Nilshpvyvy4
Isabelle Guis,CMO,Commvault,https://www.youtube.com/watch?v=KYC_JGx5wkM
Reza Morakabati,CIO,Commvault,https://www.youtube.com/watch?v=KYC_JGx5wkM
John Gallagher,Senior Manager of Global Enterprise Infrastructure,syncreon,https://www.youtube.com/watch?v=KYC_JGx5wkM
Carol Carpenter,Senior Vice President and Chief Marketing Officer,VMware,https://www.youtube.com/watch?v=5KcRXgaimYU
Bill Largent,CEO,Veeam,https://www.youtube.com/watch?v=OdrhPIBgZoE
Jim Kruger,CMO,Veeam,https://www.youtube.com/watch?v=OdrhPIBgZoE
Ajay Khanna,Chief Marketing Officer,Explorium,https://www.youtube.com/watch?v=PSzKHPpc16w
Manoj Nair,General Manager Metallic,Commvault,https://www.youtube.com/watch?v=jRJ7KfhsvI4
Tim Carben,Principle Systems Engineer,Mitchell International,https://www.youtube.com/watch?v=jRJ7KfhsvI4
Maria Winans,CMO,Kyndryl,https://www.youtube.com/watch?v=1UbxgYV4uB0
John Maddison,CMO and EVP of Product,Fortinet,https://www.youtube.com/watch?v=b9nGNKqU2TM
Beth Davidson,CMO,Agero,https://www.youtube.com/watch?v=Qtb-UFbSbms
Raj Behara,VP and CTO,Agero,https://www.youtube.com/watch?v=Qtb-UFbSbms
Norman Guadagno,Chief Marketing Officer,Acoustic,https://www.youtube.com/watch?v=_1qsRRiJYjA
Eric Herzog,Chief Marketing Officer & VP of Global Storage Channels,IBM,https://www.youtube.com/watch?v=IVAgRxRyCW8
Carol Carpenter,Chief Marketing Officer,VMware,https://www.youtube.com/watch?v=XRqdmnTV5o8
Tim Minihan,EVP of Strategy, Chief Marketing Officer,Citrix,https://www.youtube.com/watch?v=XhQElqVp6hA
Brian Reagan,CMO,Actifio,https://www.youtube.com/watch?v=SrEsTKDmgp0
John Maddison,CMO and EVP Products,Fortinet,https://www.youtube.com/watch?v=NeRWcb22zzE
Marissa Freeman,Chief Brand Officer,HPE,https://www.youtube.com/watch?v=AlZt-HBtSeg
Jim Jackson,CMO,HPE,https://www.youtube.com/watch?v=AlZt-HBtSeg
Danny Allan,CTO,Veeam,https://www.youtube.com/watch?v=oqtF2KgkUMw
Michelle Peluso,SVP Digital Sales & Chief Marketing Officer,IBM,https://www.youtube.com/watch?v=PtpNCBu-hN4
Peter Guagenti,Chief Marketing Officer,Cockroach Labs,https://www.youtube.com/watch?v=M_SkO9mYV2U
Bobby Patrick,CMO,UiPath,https://www.youtube.com/watch?v=9zS7q_z5K-Q
Brandon Nott,Senior Vice President of Product,UiPath,https://www.youtube.com/watch?v=SJFpjG_J6W0
Paul Forte,Chief Revenue Officer,Actifio,https://www.youtube.com/watch?v=4j2KKxBBLv4
Mani Dasgupta,VP Marketing,IBM,https://www.youtube.com/watch?v=tQ9X6XYMOHU
Maria Winanas,CMO, North America,IBM,https://www.youtube.com/watch?v=qhAY5tNikuI
Vittorio Viarengo,Interim CMO,McAfee,https://www.youtube.com/watch?v=thqcKGlovLM
Riadh Dridi,CMO,Automation Anywhere,https://www.youtube.com/watch?v=mwsWP9lxKrE
Karin Toubba,CEO,Kenna Security,https://www.youtube.com/watch?v=8NBAkJMA0sM
Caroline Japic,CMO,Kenna Security,https://www.youtube.com/watch?v=8NBAkJMA0sM
Eric Herzog,CMO & VP Global Channels,IBM Storage,https://www.youtube.com/watch?v=o-nsUQOrHTY
Eric Herzog,Chief Marketing Officer & VP of Global Storage Channels,IBM,https://www.youtube.com/watch?v=FRNxTBFsyfQ
Eric Herzog,CMO & VP of Global Storage Channels,IBM,https://www.youtube.com/watch?v=KZVJScVb3C4
Eric Herzog,CMO & VP Global Channels,IBM Storage,https://www.youtube.com/watch?v=FF2hNFY5PWA
Rick Vanover,Senior Director Product Strategy,Veeam,https://www.youtube.com/watch?v=ybSXkqKA0RQ
Jim Kruger,Chief Marketing Officer,Veeam,https://www.youtube.com/watch?v=ybSXkqKA0RQ
Lynn Lucas,CMO,Cohesity,https://www.youtube.com/watch?v=jjK51ry0CZY
Chandar Pattabhiram,CMO,Coupa,https://www.youtube.com/watch?v=yM2cpUc1vgY
Annie Weckesser,CMO,Uniphore,https://www.youtube.com/watch?v=RiobNN-i2dU
Rip Gerber,Chief Marketing and Innovation Officer,Vlocity,https://www.youtube.com/watch?v=orXRpTBggLQ
Carrie Palin,CMO,Splunk,https://www.youtube.com/watch?v=byYQYnypDsc
Scott Hebner,Vice President & CMO,IBM Data & AI,https://www.youtube.com/watch?v=AQw62zAq7Lw
Bobby Patrick,CMO,UiPath,https://www.youtube.com/watch?v=JHrhg9XcuRI
Chris Powell,CMO,Commvault,https://www.youtube.com/watch?v=h1GPsSVcCMs
Gaidar Magdanurov,CMO & Chief Cyber Strategy Officer,Acronis,https://www.youtube.com/watch?v=8dzxiJ8sSKM
Mandy Dhaliwal,CMO,Boomi,https://www.youtube.com/watch?v=Q0_2N5hcBKo
Samantha Choi Cadley,CEO,Manual Labor Studio,https://www.youtube.com/watch?v=Q0_2N5hcBKo
Anna Griffin,CMO,Smartsheet,https://www.youtube.com/watch?v=LaZU2X5R6_E
Will Corkery,SVP of Sales,Boomi,https://www.youtube.com/watch?v=dlbaoqFgZOo
Calline Sanchez,Vice President,IBM Worldwide Systems Lab Services,https://www.youtube.com/watch?v=DEHUqmEwFeg
Graham Breeze,Field CTO,Tintri by DDN,https://www.youtube.com/watch?v=jejNkMxPYJ0
Mario Blandini,CMO & Chief Evangelist,Tintri by DDN,https://www.youtube.com/watch?v=jejNkMxPYJ0
Todd Forsythe,CMO,Veritas,https://www.youtube.com/watch?v=cs-eHzSaCYU
Marc Creviere,Principal Systems Engineer,US Signal,https://www.youtube.com/watch?v=dx4hSN5yyJw
Doc D’Errico,CMO,Infinidat,https://www.youtube.com/watch?v=dx4hSN5yyJw
Robin Matlock,CMO,VMware,https://www.youtube.com/watch?v=ARukuXEJk5c
Carl Eschenbach,Partner,Sequoia Capital,https://www.youtube.com/watch?v=mYMlwy8ZKuQ
Gary Conway,CMO,Automation Anywhere,https://www.youtube.com/watch?v=L2Gw7W-Tov8
Gregory Ness,CMO,Tempered Networks,https://www.youtube.com/watch?v=0Joxcd6lhic
Ryan Kam,CMO,Five9,https://www.youtube.com/watch?v=Z8UOD28pZM4
Marie Hattar,CMO,Keysight,https://www.youtube.com/watch?v=h3y6qxOC7sE
Meagen Eisenberg,CMO,TripActions,https://www.youtube.com/watch?v=xjz-NWnIeJc
Murali Nemani,CMO,ScienceLogic,https://www.youtube.com/watch?v=R45wobxqmGs
Joe Damassa,VP Strategy, Offerings - Hybrid Cloud Services,IBM,https://www.youtube.com/watch?v=R45wobxqmGs
Sally Jenkins,EVP & CMO,Informatica,https://www.youtube.com/watch?v=9jwu0Q878G0
Tim Minihan,CMO & EVP Strategy,Citrix,https://www.youtube.com/watch?v=0HZkD_sWNP4
Alicia Tillman,CMO,SAP,https://www.youtube.com/watch?v=B3ZB0ymbXMk
Ben Gibson,Chief Marketing Officer,Nutanix,https://www.youtube.com/watch?v=fNZgmWb6008
Monica Kumar,SVP, Product & Solutions Marketing,Nutanix,https://www.youtube.com/watch?v=fNZgmWb6008
Allison Dew,CMO,Dell Technologies,https://www.youtube.com/watch?v=bAEmtntOaRs
Sara Varni,CMO,Twilio,https://www.youtube.com/watch?v=ddP43vhGcxA
Micheline Nijmeh,CMO,Zscaler,https://www.youtube.com/watch?v=9-15w8tfCqk
Alison Wagonfeld,CMO,Google Cloud,https://www.youtube.com/watch?v=oNQm0gD5D7o
Partha Seetala,Co-founder and CTO,Robin.io,https://www.youtube.com/watch?v=s7VaHEspI7E
Radhesh Menon,CMO,Robin.io,https://www.youtube.com/watch?v=s7VaHEspI7E
Joyce Kim,CMO,Arm,https://www.youtube.com/watch?v=RDozwF6Ddn8
Tim Minahan,EVP of Business Strategy and CMO,Citrix,https://www.youtube.com/watch?v=GgG3bzKPYNw
Joel Horwitz,CMO,WANdisco,https://www.youtube.com/watch?v=fq5Y4zkaXHU
Steve Pappas,SVP and CMO,Panviva,https://www.youtube.com/watch?v=2JOc1cSQXrQ
Dayna Rothman,VP of Marketing,Mesosphere,https://www.youtube.com/watch?v=vkbsWzV16kE
Carter Lloyds,(Title not specified),QAD,https://www.youtube.com/watch?v=RO9XVVQge_A
Tom Murphy,Chief Marketing Officer,Turbonomic,https://www.youtube.com/watch?v=DCE9aR2kga0
Simon Townsend,Chief Marketing Officer EMEA,IGEL,https://www.youtube.com/watch?v=zhIAUxybAcE
Jean English,Senior Vice President and Chief Marketing Officer,NetApp,https://www.youtube.com/watch?v=ualozF4rCog
Brian Goldfarb,CMO,Splunk,https://www.youtube.com/watch?v=xVrJe4ncRQw
Karen Leavitt,Chief Marketing Officer,Locus Robotics,https://www.youtube.com/watch?v=wra9Gi5iXd0
Meagen Eisenberg,CMO,MongoDB,https://www.youtube.com/watch?v=kiz_gFEP_7k
Gil Levonai,Chief Marketing Officer,Zerto,https://www.youtube.com/watch?v=73jd9HMQUwg
Boris Renski,Co Founder and CMO,Mirantis,https://www.youtube.com/watch?v=EcxoQizrOPw
Kate Hutchison,Chief Marketing Officer,Veeam,https://www.youtube.com/watch?v=XBU2erWRwls
Robin Matlock,—,VMware,https://www.youtube.com/watch?v=af-72a18bqs
Boris Renski,—,Mirantis,https://www.youtube.com/watch?v=fY8MTjMYOzU
Jonathan Donaldson,—,Intel,https://www.youtube.com/watch?v=fY8MTjMYOzU
Elizabeth Kays,—,—,https://www.youtube.com/watch?v=Ngk_hpiySNk
Elizabeth Kays,—,—,https://www.youtube.com/watch?v=6tqv9h3dNMs
Elizabeth Kays,—,—,https://www.youtube.com/watch?v=vWVklGMGpmo
Heather Johnson,—,—,https://www.youtube.com/watch?v=wjE1p2TmDA4
Marge Breya,—,Informatica,https://www.youtube.com/watch?v=jraIYgLFLeE
Nelson Williams,—,—,https://www.youtube.com/watch?v=enk7DbBXWHY
Nancy Pearson,CMO,IBM Cloud,https://www.youtube.com/watch?v=ndDYjJCfUBc
John Bara,CMO & President,Mintigo,https://www.youtube.com/watch?v=bTSFqIFJqrs
Jack Norris,CMO,MapR,https://www.youtube.com/watch?v=RMGidzipxf8
Lynn Vojvodich,CMO,Salesforce,https://www.youtube.com/watch?v=uOscALSrGm0
Steve Sommer,—,Splunk,https://www.youtube.com/watch?v=rgMFeRDJkSs
Eric Herzog,—,Violin Memory,https://www.youtube.com/watch?v=2M-wlrMPfBs
Brian Weiss,—,HP Autonomy,https://www.youtube.com/watch?v=lrr5DVP6A54
Eric Herzog,CMO & SVP of Alliances,Violin Memory,https://www.youtube.com/watch?v=CMzv71swatY
Bobby Patrick,—,HP Cloud,https://www.youtube.com/watch?v=hJnMANl-Mkk
David Gibson,CMO,Varonis,https://www.youtube.com/watch?v=DZ9aWxLSm5w
Gary Orenstein,—,Fusion-io,https://www.youtube.com/watch?v=wW__lgrsdeQ
Boris Renski,—,Mirantis,https://www.youtube.com/watch?v=R7pEEA4xtbA
George Mathew,—,Alteryx,https://www.youtube.com/watch?v=usiZHdn7nGA
Abhishek Mehta,—,Tresata,https://www.youtube.com/watch?v=EdksfvSSyS4
Jack Norris,—,MapR,https://www.youtube.com/watch?v=v_dtAG3l0hw
Jim Campigli,—,WANdisco,https://www.youtube.com/watch?v=RbJ2ydFF5I0
Gary Orenstein,—,Fusion-io,https://www.youtube.com/watch?v=JUhnEz7SrGQ
Jim Walker,—,Hortonworks,https://www.youtube.com/watch?v=Ap-P5UHg3x4
Jack Norris,—,MapR,https://www.youtube.com/watch?v=JBnF9NYBn_A
Bruno Aziza,CMO,Alpine Data Labs,https://www.youtube.com/watch?v=QGK1smZGEkQ
Steve Sommer,CMO,Splunk,https://www.youtube.com/watch?v=cYCbdwppsng
Elissa Fink,CMO,Tableau,https://www.youtube.com/watch?v=qLxbhk3U_7w
Rick Jackson,CMO,Rackspace,https://www.youtube.com/watch?v=dQ25Nj6w8Bw
Beth Comstock,CMO,GE,https://www.youtube.com/watch?v=JCSQeVImbKQ
Rafiq Mohammadi,—,HP Autonomy,https://www.youtube.com/watch?v=eqWieO_EKnU
Nina Buik,—,Connect Worldwide,https://www.youtube.com/watch?v=78F6-dYY7FY
Beth White,CMO,ServiceNow,https://www.youtube.com/watch?v=359buNsYgO4
Shane Robison,—,Fusion-io,https://www.youtube.com/watch?v=E2XAVOmyWV8
Jeremy Burton,—,EMC,https://www.youtube.com/watch?v=N5S-jtzFQaw
Sanjay Sarathy,CMO,Sumo Logic,https://www.youtube.com/watch?v=xLzC7euPAyw
Jack Norris,CMO,MapR,https://www.youtube.com/watch?v=-60I4vLXKxg
Karen Quintos,—,Dell,https://www.youtube.com/watch?v=yuHJ0xj0_kM
Steve Sommer,CMO,Splunk,https://www.youtube.com/watch?v=fHU7sL6Ixxw
Rick Jackson,CMO,VMware,https://www.youtube.com/watch?v=T8fSG4oK48U
Jeremy Burton,CMO,EMC,https://www.youtube.com/watch?v=P77PqfzhiLM
Jeremy Burton,CMO,EMC,https://www.youtube.com/watch?v=yUYJYi33tUA
David Parsons,VP - Global Alliances & CMO,CSC,https://www.youtube.com/watch?v=Ct9AcyRMrOo
Jeremy Burton,CMO,EMC,https://www.youtube.com/watch?v=ksIoJAKiYGA
David Parsons,VP of Global Alliances & CMO,CSC,https://www.youtube.com/watch?v=TGhEPxJhFUU
Anubhav Saxena,CMO,HCL,https://www.youtube.com/watch?v=FNNStsNemyg
—,Chief Marketing Officer,VMware,https://www.youtube.com/watch?v=v8VDv43SzAk
Lauren Flaherty,EVP & CMO,Juniper Networks,https://www.youtube.com/watch?v=MzTdmXmGYVs
Jonathan Becher,—,SAP,https://www.youtube.com/watch?v=fkz_N1lnNuw
David Parsons,Corporate VP of Global Alliances & CMO,CSC,https://www.youtube.com/watch?v=epdon21Mv6c
Siki Giunta,VP of Cloud Division,CSC,https://www.youtube.com/watch?v=epdon21Mv6c
Rick Jackson,CMO,VMware,https://www.youtube.com/watch?v=OfK9dbZm6Uc
Dan Roger,Chief Marketing Officer,ServiceNow,https://www.youtube.com/watch?v=owPlKiH_qgk
Allison Dew,–,–,https://www.youtube.com/watch?v=HATTu3ygMEA
Kash Shaikh,–,–,https://www.youtube.com/watch?v=bs7lwnb2Mhw
Ben Gibson,CMO,Nutanix,https://www.youtube.com/watch?v=VGbo_2I08Ko
Brian Sommer,Industry Analyst,TechVentive,https://www.youtube.com/watch?v=nKOhl6Ejejk
Mark Boulton,CMO,IFS,https://www.youtube.com/watch?v=nKOhl6Ejejk
Antony Bourne,VP Global Industry Solutions,IFS,https://www.youtube.com/watch?v=nKOhl6Ejejk
Stefan Willkommer,CEO,TechDivision,https://www.youtube.com/watch?v=FerBo8ZdOsU
Dr. Markus Reheis,CMO,Gabor Shoes,https://www.youtube.com/watch?v=FerBo8ZdOsU
Ben Gibson,CMO,Nutanix,https://www.youtube.com/watch?v=BDv1Kgb2a4Y
Eric Herzog,CMO & VP of Global Channels,IBM Storage Systems,https://www.youtube.com/watch?v=VxHEPhLX-kE
Brian Reagan,Chief Marketing Officer,Actifio,https://www.youtube.com/watch?v=qM4-UKzu05A
Mike Errity,VP North America,IBM Resiliency Services,https://www.youtube.com/watch?v=qM4-UKzu05A
Lynn Lucas,CMO,Cohesity,https://www.youtube.com/watch?v=LOmyi_TsBPc
Blaine Mathieu,–,–,https://www.youtube.com/watch?v=7vytpIWgmQw
Daniel Raskin,–,–,https://www.youtube.com/watch?v=J9aqlUa3iHc
Eric Herzog,CMO & VP of Worldwide Storage Channels,IBM Storage Channels,https://www.youtube.com/watch?v=TrlGa3YEqDk
Eric Herzog,CMO & VP of Worldwide Storage Channels,IBM Storage Channels,https://www.youtube.com/watch?v=pW08KMhKfkw
Dan Rogers,CMO,ServiceNow,https://www.youtube.com/watch?v=L0y_LZ3TaAU
Eric Herzog,Chief Marketing Officer,IBM Storage Systems,https://www.youtube.com/watch?v=29hbo43dIE0
Robson Grieve,Chief Marketing Officer,New Relic Inc.,https://www.youtube.com/watch?v=A7s5rT6tQmY
Bobby Patrick,CMO,UiPath,https://www.youtube.com/watch?v=kxo-f-z9lzk
Nancy Pearson,CMO,OpenLink,https://www.youtube.com/watch?v=BC5m_miiVt8
Lawrence Schwartz,CMO,SoftwareONE,https://www.youtube.com/watch?v=akdbPtQiZrg
Simon West,CMO,Cyxtera,https://www.youtube.com/watch?v=gJmCYOQuroQ
Matt Morgan,CMO,Druva,https://www.youtube.com/watch?v=Wtc_A6NamgY
Jean English,–,NetApp,https://www.youtube.com/watch?v=ZJBI5mwd0TU
Jeff Veis,–,–,https://www.youtube.com/watch?v=jgPIjkNuFR0
Dr. Mark Ramsey,–,–,https://www.youtube.com/watch?v=FbtY0M6EPd4
Bruno Aziza,–,–,https://www.youtube.com/watch?v=FbtY0M6EPd4
Brian Goldfarb,CMO,Splunk,https://www.youtube.com/watch?v=TxQApC4GFmA
Lynn Lucas,–,Veritas,https://www.youtube.com/watch?v=vIX9bN_8yWA
Robin Matlock,–,VMware,https://www.youtube.com/watch?v=lX-hRHZDrpk
Eric Herzog,IBM Storage Systems,IBM,https://www.youtube.com/watch?v=0aS5ORGu0oE
Steven Kenniston,The Storage Alchemist,–,https://www.youtube.com/watch?v=0aS5ORGu0oE
Eric Herzog,IBM Storage Systems,IBM,https://www.youtube.com/watch?v=qGIROVt2HcE
Sam Werner,IBM Software Defined Storage,IBM,https://www.youtube.com/watch?v=qGIROVt2HcE
Josh Epstein,CMO,Kaminario,https://www.youtube.com/watch?v=tWNIGOII4AM
Eyal David,CTO,Kaminario,https://www.youtube.com/watch?v=tWNIGOII4AM
Randy Arseneau,INFINIDAT,INFINIDAT,https://www.youtube.com/watch?v=-33sItcspLo
Brian Carmody,INFINIDAT,INFINIDAT,https://www.youtube.com/watch?v=-33sItcspLo
Matthew Morgan,CMO,Druva,https://www.youtube.com/watch?v=cf1vPcFW5to
Jaspreet Singh,CEO,Druva,https://www.youtube.com/watch?v=cf1vPcFW5to
Jeremy Burton,–,Dell,https://www.youtube.com/watch?v=M6MA_znnIhk
Karen Steele,GVP Corporate Marketing,Marketo,https://www.youtube.com/watch?v=ZeJ8b3nORZU
David Gee,CMO,Zuora,https://www.youtube.com/watch?v=tx1L51WXrc0
Chip Coyle,–,–,https://www.youtube.com/watch?v=bSfOFtxbf_U
Itamar Ankorion,CMO,Attunity,https://www.youtube.com/watch?v=eUccjH2UYCU
Arvind Rajagopalan,Director - Global Technology Services,Verizon,https://www.youtube.com/watch?v=eUccjH2UYCU
David Hseih,CMO,Qubole,https://www.youtube.com/watch?v=R666aLzZWT4
Matt Howard,Executive VP & CMO,Sonatype,https://www.youtube.com/watch?v=R01xef1dYAg
Sally Jenkins,EVP & Chief Marketing Officer,Informatica,https://www.youtube.com/watch?v=RQgKzvyQGtQ
Jeremy Burton,CMO,Dell,https://www.youtube.com/watch?v=O7dYr7XP_dA
Dan Rogers,–,ServiceNow,https://www.youtube.com/watch?v=CJyyRUOw4NQ
Laura Ipsen,GM and SVP of Oracle Marketing Cloud,Oracle,https://www.youtube.com/watch?v=EsYl_Txwhac
Kristen O'Hara,Chief Marketing Officer for Global Media,Time Warner,https://www.youtube.com/watch?v=EsYl_Txwhac
Brian Goldfarb,CMO,Splunk,https://www.youtube.com/watch?v=iOAvU3tx8hE
Alan Nance,–,–,https://www.youtube.com/watch?v=RgAdt9bONSg
Martin Lidl,–,Deloitte,https://www.youtube.com/watch?v=kwGYo8anwjw
Chris Murphy,IT Solution Architect,–,https://www.youtube.com/watch?v=kwGYo8anwjw
Itamar Ankorion,CMO,Attunity,https://www.youtube.com/watch?v=kwGYo8anwjw
Ben Parr,Co-Founder & CMO,Octane AI,https://www.youtube.com/watch?v=riKER3eQixs
Manish Gupta,Chief Marketing Officer,Redis Labs,https://www.youtube.com/watch?v=gCaYy-kYSeA
David Gee,CMO,Zuora,https://www.youtube.com/watch?v=cuoWZKkBhX8
Bobby Patrick,CMO,HPE Cloud,https://www.youtube.com/watch?v=RULJUGmz44k
Randy Arseneau,CMO,INFINIDAT,https://www.youtube.com/watch?v=Eg3NCDVAITs
Michelle Peluso,–,IBM,https://www.youtube.com/watch?v=fTaageUbfYo
Stephen Kelly,–,Avanade,https://www.youtube.com/watch?v=4J8Fq1Fgs2E
Stella Goulet,–,Avanade,https://www.youtube.com/watch?v=4J8Fq1Fgs2E
Marie Hattar,CMO,Ixia,https://www.youtube.com/watch?v=22sAY8oHcBo
Michele Chambers,–,Continuum Analytics,https://www.youtube.com/watch?v=bHQSVwwF5AE
Jacqueline Woods,–,IBM,https://www.youtube.com/watch?v=-IMnWRfev5o
Steve Pao,CMO,Igneous Systems,https://www.youtube.com/watch?v=cVhBBBLGFb8
Subbu Iyer,–,Riverbed,https://www.youtube.com/watch?v=FkDGrm_FYAw
Lawrence Schwartz,–,SoftwareONE,https://www.youtube.com/watch?v=LNbsl17zF4s
Randy Arseneau,–,INFINIDAT,https://www.youtube.com/watch?v=AsPjie2-U4c
Steve Kenniston,–,INFINIDAT,https://www.youtube.com/watch?v=AsPjie2-U4c
Robin Matlock,–,VMware,https://www.youtube.com/watch?v=1HXZZTzYgiQ
Mike Davis,–,NooBaa,https://www.youtube.com/watch?v=jJr0PO1psys
Yuval Dimnik,–,NooBaa,https://www.youtube.com/watch?v=jJr0PO1psys
John Magee,CMO,Predix, General Electric,https://www.youtube.com/watch?v=i47gqRqQVvA
Randy Arsenau,CMO,INFINIDAT,https://www.youtube.com/watch?v=Xm4Y2hpkMv0
Steve Kenniston,VP of Product Marketing,INFINIDAT,https://www.youtube.com/watch?v=Xm4Y2hpkMv0
Howard Ting,–,Nutanix,https://www.youtube.com/watch?v=E00Ibfhwpz8
Ashely Stirrup,–,Talend,https://www.youtube.com/watch?v=fas0hxVXgYE
Bobby Patrick,–,HPE,https://www.youtube.com/watch?v=Yg3IoUAWM-E
Dave McCrory,–,Basho,https://www.youtube.com/watch?v=Yg3IoUAWM-E
Jim Davis,–,Informatica,https://www.youtube.com/watch?v=3FQYm1Gxlz4
Vik Kathuria,Global Agency Partnerships,OMB, Oracle,https://www.youtube.com/watch?v=ZkjIeeMdvCk
Eric Reynolds,–,The Clorox Company,https://www.youtube.com/watch?v=TXhUmL0ZbrA
Steve Krause,–,Oracle Marketing Cloud,https://www.youtube.com/watch?v=9pmni-i1hOs
Lawrence Schwartz,–,Attunity,https://www.youtube.com/watch?v=H8WopsQYr68
Jim Davis,–,Informatica,https://www.youtube.com/watch?v=XjHLBySKpa8
West Durow,–,Mitel Networks,https://www.youtube.com/watch?v=aWAJlyRZi50
Sajeel Hussain,–,CafeX,https://www.youtube.com/watch?v=Za8HE1zkAt4
Jack Norris,–,MapR,https://www.youtube.com/watch?v=3YMDkh9M0WQ
Bobby Patrick,–,HPE,https://www.youtube.com/watch?v=5DEgnXNq4d4
Elle Shelley,–,Local Motors,https://www.youtube.com/watch?v=Sj8bH4fNvg0
Jay Rodgers,–,Local Motors,https://www.youtube.com/watch?v=Sj8bH4fNvg0
Karen Quintos,–,Dell,https://www.youtube.com/watch?v=yymHd4zh1PE
Mick Slattery,–,Avanade,https://www.youtube.com/watch?v=g0EaqRuPojU
Stella Goulet,–,Avanade,https://www.youtube.com/watch?v=g0EaqRuPojU
Quentin Gallivan,–,Pentaho,https://www.youtube.com/watch?v=IU7XPGNsDoA
Rosanne Saccone,–,Pentaho,https://www.youtube.com/watch?v=pEPMelVpL6M
Bruno Aziza,–,AtScale,https://www.youtube.com/watch?v=dIU-wX0ZJ-k
Lawrence Schwartz,–,Attunity,https://www.youtube.com/watch?v=pFvTtJ_nSlI
Steve Sommer,–,Splunk,https://www.youtube.com/watch?v=snKJwq5nSQI
Narayan Venkat,–,Tegile,https://www.youtube.com/watch?v=BJCyuqWU5W0
